INSERT INTO "public"."frameworks" ("id", "name", "type", "release_year") VALUES
('003179f8-1957-4096-ad8f-60e664bf83a9', 'KAFKA', 'TOOL', '2011'),
('024ab3c3-390c-4ee3-ba31-7ac7666b97d7', 'ACTIX', 'FRAMEWORK', '2017'),
('029d27aa-11a5-4fd5-abef-1d12597fb889', 'NODE_JS', 'FRAMEWORK', '2009'),
('049e5abf-e142-4513-8a6f-dfa4dc9a941a', 'ALAMOFIRE', 'FRAMEWORK', '2014'),
('04e388b9-de09-4a33-b5af-6be30da93439', 'DOT_NET', 'FRAMEWORK', '2020'),
('05ebf59d-f328-4726-8658-350c27996b0c', 'ASP_DOT_NET_CORE', 'FRAMEWORK', '2016'),
('0b61c5ed-d4dc-43e9-87ce-ec4c55150965', 'VUE_JS', 'FRAMEWORK', '2014'),
('0c18ae9d-50af-4374-8744-b616fc64e7c8', 'METEOR', 'FRAMEWORK', '2012'),
('0c812aac-b2f7-4077-b567-3c1e0876c142', 'GATSBY', 'FRAMEWORK', '2017'),
('1d7efe73-cf8b-4a4c-846a-b73093bacdfe', 'DRUPAL', 'FRAMEWORK', '2001'),
('205fafae-4a8c-4713-9462-94740cc2002a', 'TESTNG', 'FRAMEWORK', '2004'),
('292969b8-9b63-4a77-b965-1867859fb1ac', 'AURELIA', 'FRAMEWORK', '2016'),
('293d7ac9-8961-4f3a-91a1-102cda0a1a6a', 'JENKINS', 'TOOL', '2011'),
('2f721c83-31cc-4989-8317-524c5706873d', 'PANDAS', 'LIBRARY', '2008'),
('2fbd9434-8019-4ad9-89b8-8ff40d4f1600', 'FLUTTER', 'LIBRARY', '2017'),
('2fc1380d-eb6b-4b67-aaa2-8667f68e289d', 'RUBY_ON_RAILS', 'FRAMEWORK', '2004'),
('376dc77b-4a74-49e7-a542-3bf994e23d89', 'SYMFONY', 'FRAMEWORK', '2005'),
('3832c2fb-3ebc-4a84-875d-6e3f53f296a6', 'ANGULAR', 'FRAMEWORK', '2016'),
('39435a92-465f-46c0-b651-762b85b81d28', 'CORDOVA', 'FRAMEWORK', '2009'),
('3ce4b503-75d4-4a8a-8e76-841b9221ed5f', 'AMAZON_AWS', 'INFRASTRUCTURE', '2006'),
('3fee6dd5-fe52-4df5-9d60-6b7289fa3f62', 'CHEF', 'TOOL', '2009'),
('43f832cc-4164-4fd1-b441-185b39a7c325', 'HADOOP', 'TOOL', '2006'),
('4693a2a1-ef98-419b-b272-0fb2fb916089', 'XAMARIN', 'FRAMEWORK', '2011'),
('47a75f17-c0d2-4776-8aad-ebb8a0434dc8', 'CUCUMBER', 'TOOL', '2015'),
('4cc262b5-1c4c-421e-b03f-9112bcc318a9', 'TEST_RAIL', 'TOOL', '2010'),
('4ce70c81-5cbc-45f2-a78e-579bcc047f13', 'REACT', 'FRAMEWORK', '2013'),
('4f2a24ab-0913-4925-a571-173badd9bd43', 'ANGULAR_JS', 'FRAMEWORK', '2010'),
('5694aba6-26a9-4ca9-8a26-c0540cc1e355', 'HIBERNATE', 'LIBRARY', '2001'),
('5875db0a-eac2-457d-81f1-35f6f9afe80b', 'EXPRESS_JS', 'FRAMEWORK', '2010'),
('58ea7e48-06bb-4cd9-a643-5555ed231434', 'MICROSOFT_AZURE', 'INFRASTRUCTURE', '2010'),
('58fc39a2-03a7-43c3-a36c-393ae7835e2c', 'XCTEST', 'FRAMEWORK', '2013'),
('59733fb5-b7e8-47fd-8ce9-ae95ef3d30ec', 'TERAFORM', 'TOOL', '2014'),
('59a0c6bb-3787-46c3-92a4-659cd07b5753', 'ANDROID_ESPRESSO', 'TOOL', '2013'),
('5b86eb9d-516b-4a51-b06c-249ae262c75d', 'APACHE_JMETER', 'TOOL', '1998'),
('60bb6b1f-d94f-46a4-a2ba-624bf731e493', 'TENSOR_FLOW', 'TOOL', '2017'),
('67e2694b-999d-49c2-ba13-7a4176b722f1', 'PY_TORCH', 'LIBRARY', '2016'),
('6a81d5e7-ff30-4bf0-bf86-672b8e0a0bb7', 'REDUX', 'LIBRARY', '2015'),
('6c8f5e5e-a2e2-4434-8592-b62b47190f8c', 'CAKE_PHP', 'FRAMEWORK', '2005'),
('7e80f480-4991-402a-8687-9868c69975cf', 'WORDPRESS', 'TOOL', '2003'),
('84759d87-9afe-42c8-aea2-72f170a9482e', 'ASP_DOT_NET', 'FRAMEWORK', '2002'),
('85c739be-34ee-4e1e-bae8-7bfcaa540420', 'REACT_NATIVE', 'FRAMEWORK', '2015'),
('907158f3-04f2-48be-9f25-f48b64a3cac1', 'FLASK', 'FRAMEWORK', '2010'),
('91470cd8-ebab-411b-9a19-a36c13fa8805', 'DJANGO', 'FRAMEWORK', '2005'),
('935f81c6-e6ab-4a2b-bfff-9007e13dae30', 'KUBERNETES', 'TOOL', '2014'),
('968d6edb-73e0-4ef5-bb0d-2c87847440b5', 'DOCKER', 'TOOL', '2013'),
('9aacc9cf-7543-4c7f-a520-70608da5ceb6', 'OTHER', 'LIBRARY', NULL),
('9bd5faf4-1b93-45ff-8ebf-575a8c1d6656', 'CRY_ENGINE', 'TOOL', '2002'),
('9fdd10be-45e7-435f-bb13-61930e7f3883', 'JQUERY', 'LIBRARY', '2006'),
('a0e1f52f-35ca-4e03-bc51-d771aaa17aa7', 'SPRING', 'FRAMEWORK', '2002'),
('a12e96ab-17e1-482a-b1ee-65e6411976ea', 'DOT_NET_CORE', 'FRAMEWORK', '2016'),
('a59fb6d9-06f4-4653-94a6-201819aa43cc', 'ANSIBLE', 'TOOL', '2012'),
('a82e3f44-b87c-4141-b7e0-c478164a27cd', 'APACHE_SPARK', 'FRAMEWORK', '2014'),
('b307cc9b-fee7-473f-a217-a5f6eea1028f', 'PROTRACTOR', 'TOOL', '2013'),
('b586dc4e-9dbf-4b82-a645-fa9de10da867', 'AWS', 'TOOL', '2006'),
('b925d8c2-9810-450b-a475-34c3e38ccfdb', 'CYPRESS', 'FRAMEWORK', '2015'),
('c2413adb-50e8-414c-a4f5-7bba92a53562', 'BOOTSTRAP', 'LIBRARY', '2011'),
('c7e06862-6d65-489d-85d3-b6bf1e74fe08', 'LARAVEL', 'FRAMEWORK', '2011'),
('c9c727c5-b731-4cd3-b647-826770355a44', 'ANACONDA', 'TOOL', '2012'),
('da844c0e-a9cd-4511-8355-6a749385ee30', 'UNITY_3D', 'TOOL', '2005'),
('ddf216f1-f204-4773-91f5-f17b9bf6c78d', 'TEAMCITY', 'TOOL', '2006'),
('df6f8052-071b-41aa-b596-f33b04bd0215', 'UNREAL_ENGINE', 'TOOL', '1998'),
('e15c5eb1-37f5-42a2-bee1-d326386346f5', 'PUPPET', 'TOOL', '2005'),
('e69b54f4-64b0-4bdb-b956-905c5bc318f0', 'GOOGLE_CLOUD_CONSOLE', 'INFRASTRUCTURE', '2008'),
('e6e00f9d-c5e5-42ce-8990-c29ca0151858', 'MOCHA', 'FRAMEWORK', '2011'),
('efcb654b-f555-486a-80f5-2970e9cb7e4b', 'KERAS', 'LIBRARY', '2015'),
('f4df2b74-66e8-45c1-91af-173e9c6a2b43', 'SELENIUM', 'FRAMEWORK', '2011');

INSERT INTO "public"."frameworks_associated_categories" ("framework_id", "categories") VALUES
('003179f8-1957-4096-ad8f-60e664bf83a9', 'STREAM'),
('024ab3c3-390c-4ee3-ba31-7ac7666b97d7', 'WEB_FRAMEWORK'),
('029d27aa-11a5-4fd5-abef-1d12597fb889', 'WEB_SERVER'),
('049e5abf-e142-4513-8a6f-dfa4dc9a941a', 'MOBILE_APP'),
('04e388b9-de09-4a33-b5af-6be30da93439', 'WEB_FRONTEND'),
('05ebf59d-f328-4726-8658-350c27996b0c', 'WEB_FRONTEND'),
('0b61c5ed-d4dc-43e9-87ce-ec4c55150965', 'WEB_FRAMEWORK'),
('0c18ae9d-50af-4374-8744-b616fc64e7c8', 'WEB_FRAMEWORK'),
('0c812aac-b2f7-4077-b567-3c1e0876c142', 'WEB_FRAMEWORK'),
('1d7efe73-cf8b-4a4c-846a-b73093bacdfe', 'CMS'),
('205fafae-4a8c-4713-9462-94740cc2002a', 'TESTING_QA'),
('292969b8-9b63-4a77-b965-1867859fb1ac', 'WEB_FRAMEWORK'),
('2f721c83-31cc-4989-8317-524c5706873d', 'DATA_ANALYSIS'),
('2f721c83-31cc-4989-8317-524c5706873d', 'MACHINE_LEARNING'),
('2fbd9434-8019-4ad9-89b8-8ff40d4f1600', 'MOBILE_APP'),
('2fbd9434-8019-4ad9-89b8-8ff40d4f1600', 'NAVITE_APP'),
('2fc1380d-eb6b-4b67-aaa2-8667f68e289d', 'WEB_FRAMEWORK'),
('376dc77b-4a74-49e7-a542-3bf994e23d89', 'MOBILE_APP'),
('3832c2fb-3ebc-4a84-875d-6e3f53f296a6', 'WEB_FRONTEND'),
('39435a92-465f-46c0-b651-762b85b81d28', 'MOBILE_APP'),
('3ce4b503-75d4-4a8a-8e76-841b9221ed5f', 'DEV_OPS'),
('3fee6dd5-fe52-4df5-9d60-6b7289fa3f62', 'DEV_OPS'),
('43f832cc-4164-4fd1-b441-185b39a7c325', 'MACHINE_LEARNING'),
('4693a2a1-ef98-419b-b272-0fb2fb916089', 'MOBILE_APP'),
('47a75f17-c0d2-4776-8aad-ebb8a0434dc8', 'TESTING_QA'),
('4cc262b5-1c4c-421e-b03f-9112bcc318a9', 'TESTING_QA'),
('4ce70c81-5cbc-45f2-a78e-579bcc047f13', 'WEB_FRONTEND'),
('4f2a24ab-0913-4925-a571-173badd9bd43', 'WEB_FRONTEND'),
('5694aba6-26a9-4ca9-8a26-c0540cc1e355', 'INFRASTRUCTURE'),
('5875db0a-eac2-457d-81f1-35f6f9afe80b', 'WEB_SERVER'),
('58ea7e48-06bb-4cd9-a643-5555ed231434', 'DEV_OPS'),
('58fc39a2-03a7-43c3-a36c-393ae7835e2c', 'MOBILE_APP'),
('59733fb5-b7e8-47fd-8ce9-ae95ef3d30ec', 'INFRASTRUCTURE'),
('59a0c6bb-3787-46c3-92a4-659cd07b5753', 'MOBILE_APP'),
('5b86eb9d-516b-4a51-b06c-249ae262c75d', 'TESTING_QA'),
('60bb6b1f-d94f-46a4-a2ba-624bf731e493', 'MACHINE_LEARNING'),
('67e2694b-999d-49c2-ba13-7a4176b722f1', 'MACHINE_LEARNING'),
('6a81d5e7-ff30-4bf0-bf86-672b8e0a0bb7', 'WEB_FRAMEWORK'),
('6c8f5e5e-a2e2-4434-8592-b62b47190f8c', 'MOBILE_APP'),
('7e80f480-4991-402a-8687-9868c69975cf', 'CMS'),
('84759d87-9afe-42c8-aea2-72f170a9482e', 'WEB_FRONTEND'),
('85c739be-34ee-4e1e-bae8-7bfcaa540420', 'MOBILE_APP'),
('907158f3-04f2-48be-9f25-f48b64a3cac1', 'WEB_FRAMEWORK'),
('91470cd8-ebab-411b-9a19-a36c13fa8805', 'WEB_FRAMEWORK'),
('935f81c6-e6ab-4a2b-bfff-9007e13dae30', 'DEV_OPS'),
('968d6edb-73e0-4ef5-bb0d-2c87847440b5', 'DEV_OPS'),
('9bd5faf4-1b93-45ff-8ebf-575a8c1d6656', 'GAME_ENGINE'),
('9fdd10be-45e7-435f-bb13-61930e7f3883', 'WEB_FRONTEND'),
('a0e1f52f-35ca-4e03-bc51-d771aaa17aa7', 'APPLICATION_FRAMEWORK'),
('a12e96ab-17e1-482a-b1ee-65e6411976ea', 'WEB_FRONTEND'),
('a59fb6d9-06f4-4653-94a6-201819aa43cc', 'DEV_OPS'),
('a82e3f44-b87c-4141-b7e0-c478164a27cd', 'MACHINE_LEARNING'),
('b307cc9b-fee7-473f-a217-a5f6eea1028f', 'TESTING_QA'),
('b586dc4e-9dbf-4b82-a645-fa9de10da867', 'INFRASTRUCTURE'),
('b925d8c2-9810-450b-a475-34c3e38ccfdb', 'TESTING_QA'),
('c2413adb-50e8-414c-a4f5-7bba92a53562', 'WEB_FRONTEND'),
('c7e06862-6d65-489d-85d3-b6bf1e74fe08', 'MOBILE_APP'),
('c9c727c5-b731-4cd3-b647-826770355a44', 'MACHINE_LEARNING'),
('da844c0e-a9cd-4511-8355-6a749385ee30', 'GAME_ENGINE'),
('ddf216f1-f204-4773-91f5-f17b9bf6c78d', 'DEV_OPS'),
('df6f8052-071b-41aa-b596-f33b04bd0215', 'GAME_ENGINE'),
('e15c5eb1-37f5-42a2-bee1-d326386346f5', 'DEV_OPS'),
('e69b54f4-64b0-4bdb-b956-905c5bc318f0', 'DEV_OPS'),
('e6e00f9d-c5e5-42ce-8990-c29ca0151858', 'TESTING_QA'),
('efcb654b-f555-486a-80f5-2970e9cb7e4b', 'MACHINE_LEARNING'),
('f4df2b74-66e8-45c1-91af-173e9c6a2b43', 'TESTING_QA');

INSERT INTO "public"."frameworks_associated_languages" ("framework_id", "language") VALUES
('003179f8-1957-4096-ad8f-60e664bf83a9', 'JAVA'),
('003179f8-1957-4096-ad8f-60e664bf83a9', 'SCALA'),
('024ab3c3-390c-4ee3-ba31-7ac7666b97d7', 'RUST'),
('029d27aa-11a5-4fd5-abef-1d12597fb889', 'JAVASCRIPT'),
('029d27aa-11a5-4fd5-abef-1d12597fb889', 'TYPESCRIPT'),
('049e5abf-e142-4513-8a6f-dfa4dc9a941a', 'SWIFT'),
('04e388b9-de09-4a33-b5af-6be30da93439', 'C_SHARP'),
('05ebf59d-f328-4726-8658-350c27996b0c', 'C_SHARP'),
('0b61c5ed-d4dc-43e9-87ce-ec4c55150965', 'JAVASCRIPT'),
('0b61c5ed-d4dc-43e9-87ce-ec4c55150965', 'TYPESCRIPT'),
('0c18ae9d-50af-4374-8744-b616fc64e7c8', 'JAVASCRIPT'),
('0c18ae9d-50af-4374-8744-b616fc64e7c8', 'TYPESCRIPT'),
('0c812aac-b2f7-4077-b567-3c1e0876c142', 'JAVASCRIPT'),
('0c812aac-b2f7-4077-b567-3c1e0876c142', 'TYPESCRIPT'),
('1d7efe73-cf8b-4a4c-846a-b73093bacdfe', 'PHP'),
('205fafae-4a8c-4713-9462-94740cc2002a', 'JAVA'),
('292969b8-9b63-4a77-b965-1867859fb1ac', 'JAVASCRIPT'),
('292969b8-9b63-4a77-b965-1867859fb1ac', 'TYPESCRIPT'),
('2f721c83-31cc-4989-8317-524c5706873d', 'PYTHON'),
('2fbd9434-8019-4ad9-89b8-8ff40d4f1600', 'DART'),
('2fc1380d-eb6b-4b67-aaa2-8667f68e289d', 'RUBY'),
('376dc77b-4a74-49e7-a542-3bf994e23d89', 'PHP'),
('3832c2fb-3ebc-4a84-875d-6e3f53f296a6', 'JAVASCRIPT'),
('3832c2fb-3ebc-4a84-875d-6e3f53f296a6', 'TYPESCRIPT'),
('39435a92-465f-46c0-b651-762b85b81d28', 'C_PLUS_PLUS'),
('39435a92-465f-46c0-b651-762b85b81d28', 'C_SHARP'),
('39435a92-465f-46c0-b651-762b85b81d28', 'CSS'),
('39435a92-465f-46c0-b651-762b85b81d28', 'HTML'),
('39435a92-465f-46c0-b651-762b85b81d28', 'JAVA'),
('39435a92-465f-46c0-b651-762b85b81d28', 'JAVASCRIPT'),
('39435a92-465f-46c0-b651-762b85b81d28', 'OBJECTIVE_C'),
('39435a92-465f-46c0-b651-762b85b81d28', 'TYPESCRIPT'),
('3fee6dd5-fe52-4df5-9d60-6b7289fa3f62', 'BASH'),
('3fee6dd5-fe52-4df5-9d60-6b7289fa3f62', 'POWERSHELL'),
('3fee6dd5-fe52-4df5-9d60-6b7289fa3f62', 'SHELL'),
('43f832cc-4164-4fd1-b441-185b39a7c325', 'JAVA'),
('4693a2a1-ef98-419b-b272-0fb2fb916089', 'C_SHARP'),
('4ce70c81-5cbc-45f2-a78e-579bcc047f13', 'JAVASCRIPT'),
('4ce70c81-5cbc-45f2-a78e-579bcc047f13', 'TYPESCRIPT'),
('4f2a24ab-0913-4925-a571-173badd9bd43', 'JAVASCRIPT'),
('4f2a24ab-0913-4925-a571-173badd9bd43', 'TYPESCRIPT'),
('5694aba6-26a9-4ca9-8a26-c0540cc1e355', 'JAVA'),
('5875db0a-eac2-457d-81f1-35f6f9afe80b', 'JAVASCRIPT'),
('5875db0a-eac2-457d-81f1-35f6f9afe80b', 'TYPESCRIPT'),
('58fc39a2-03a7-43c3-a36c-393ae7835e2c', 'SWIFT'),
('59733fb5-b7e8-47fd-8ce9-ae95ef3d30ec', 'GO'),
('59a0c6bb-3787-46c3-92a4-659cd07b5753', 'JAVA'),
('5b86eb9d-516b-4a51-b06c-249ae262c75d', 'JAVA'),
('60bb6b1f-d94f-46a4-a2ba-624bf731e493', 'C_PLUS_PLUS'),
('60bb6b1f-d94f-46a4-a2ba-624bf731e493', 'JAVASCRIPT'),
('60bb6b1f-d94f-46a4-a2ba-624bf731e493', 'PYTHON'),
('60bb6b1f-d94f-46a4-a2ba-624bf731e493', 'TYPESCRIPT'),
('67e2694b-999d-49c2-ba13-7a4176b722f1', 'PYTHON'),
('6a81d5e7-ff30-4bf0-bf86-672b8e0a0bb7', 'JAVASCRIPT'),
('6a81d5e7-ff30-4bf0-bf86-672b8e0a0bb7', 'TYPESCRIPT'),
('6c8f5e5e-a2e2-4434-8592-b62b47190f8c', 'PHP'),
('7e80f480-4991-402a-8687-9868c69975cf', 'CSS'),
('7e80f480-4991-402a-8687-9868c69975cf', 'HTML'),
('7e80f480-4991-402a-8687-9868c69975cf', 'PHP'),
('84759d87-9afe-42c8-aea2-72f170a9482e', 'C_SHARP'),
('85c739be-34ee-4e1e-bae8-7bfcaa540420', 'JAVASCRIPT'),
('85c739be-34ee-4e1e-bae8-7bfcaa540420', 'TYPESCRIPT'),
('907158f3-04f2-48be-9f25-f48b64a3cac1', 'PYTHON'),
('91470cd8-ebab-411b-9a19-a36c13fa8805', 'PYTHON'),
('9bd5faf4-1b93-45ff-8ebf-575a8c1d6656', 'C_SHARP'),
('9fdd10be-45e7-435f-bb13-61930e7f3883', 'JAVASCRIPT'),
('9fdd10be-45e7-435f-bb13-61930e7f3883', 'TYPESCRIPT'),
('a0e1f52f-35ca-4e03-bc51-d771aaa17aa7', 'JAVA'),
('a12e96ab-17e1-482a-b1ee-65e6411976ea', 'C_SHARP'),
('a59fb6d9-06f4-4653-94a6-201819aa43cc', 'BASH'),
('a82e3f44-b87c-4141-b7e0-c478164a27cd', 'SCALA'),
('b307cc9b-fee7-473f-a217-a5f6eea1028f', 'JAVASCRIPT'),
('b307cc9b-fee7-473f-a217-a5f6eea1028f', 'TYPESCRIPT'),
('b925d8c2-9810-450b-a475-34c3e38ccfdb', 'JAVASCRIPT'),
('b925d8c2-9810-450b-a475-34c3e38ccfdb', 'TYPESCRIPT'),
('c2413adb-50e8-414c-a4f5-7bba92a53562', 'CSS'),
('c2413adb-50e8-414c-a4f5-7bba92a53562', 'HTML'),
('c2413adb-50e8-414c-a4f5-7bba92a53562', 'JAVASCRIPT'),
('c2413adb-50e8-414c-a4f5-7bba92a53562', 'TYPESCRIPT'),
('c7e06862-6d65-489d-85d3-b6bf1e74fe08', 'PHP'),
('c9c727c5-b731-4cd3-b647-826770355a44', 'PYTHON'),
('da844c0e-a9cd-4511-8355-6a749385ee30', 'C_SHARP'),
('df6f8052-071b-41aa-b596-f33b04bd0215', 'C_PLUS_PLUS'),
('e15c5eb1-37f5-42a2-bee1-d326386346f5', 'BASH'),
('e15c5eb1-37f5-42a2-bee1-d326386346f5', 'POWERSHELL'),
('e15c5eb1-37f5-42a2-bee1-d326386346f5', 'SHELL'),
('e6e00f9d-c5e5-42ce-8990-c29ca0151858', 'JAVASCRIPT'),
('e6e00f9d-c5e5-42ce-8990-c29ca0151858', 'TYPESCRIPT'),
('efcb654b-f555-486a-80f5-2970e9cb7e4b', 'PYTHON'),
('f4df2b74-66e8-45c1-91af-173e9c6a2b43', 'C_SHARP'),
('f4df2b74-66e8-45c1-91af-173e9c6a2b43', 'JAVA'),
('f4df2b74-66e8-45c1-91af-173e9c6a2b43', 'JAVASCRIPT'),
('f4df2b74-66e8-45c1-91af-173e9c6a2b43', 'PYTHON'),
('f4df2b74-66e8-45c1-91af-173e9c6a2b43', 'RUBY'),
('f4df2b74-66e8-45c1-91af-173e9c6a2b43', 'TYPESCRIPT');
